"Nazwa","Rozdzielczosc","Zakres.czulosci","Cena","Liczba.opini","Oceny","status_opinii"
"Aparat1",8,25600,2500,12,1,"mniej 50 opinii"
"Aparat2",5,3200,1000,3,2,"mniej 50 opinii"
"Aparat3",10,40000,5000,2,3,"mniej 50 opinii"
"Aparat4",12,25600,3200,3,4,"mniej 50 opinii"
"Aparat5",34,6400,1200,6,5,"mniej 50 opinii"
"Aparat6",20,25600,3400,56,5,"50-100 opinii"
"Aparat7",14,3200,900,34,4,"mniej 50 opinii"
"Aparat8",8,6400,1300,6,3,"mniej 50 opinii"
"Aparat9",10,25600,3120,23,2,"mniej 50 opinii"
"Aparat10",50,40000,5400,5,1,"mniej 50 opinii"
"AparatX",30,25600,3200,5,4.5,"mniej 50 opinii"
"nowyAparat1",8,25600,2500,134,3,"wi�cej ni� 100 opinii"
"nowyAparat2",5,3200,1000,32,3.5,"mniej 50 opinii"
"nowyAparat3",10,40000,5000,23,4.5,"mniej 50 opinii"
"nowyAparat4",12,25600,3200,43,5,"mniej 50 opinii"
